{
  "project_info": {
    "project_number": "694851006750",
    "firebase_url": "https://wheelcrew-40e4f.firebaseio.com",
    "project_id": "wheelcrew-40e4f",
    "storage_bucket": "wheelcrew-40e4f.appspot.com"
  },
  "client": [
    {
      "client_info": {
        "mobilesdk_app_id": "1:694851006750:android:19504bfb6a3e1f0c",
        "android_client_info": {
          "package_name": "com.travel.wheel.crew"
        }
      },
      "oauth_client": [
        {
          "client_id": "694851006750-q00in775rlo2v1tjg5v01pajdc95m00n.apps.googleusercontent.com",
          "client_type": 3
        }
      ],
      "api_key": [
        {
          "current_key": "AIzaSyC_InyXtMf5EIP-RxXUNnYbi_-Ep3amKBQ"
        }
      ],
      "services": {
        "analytics_service": {
          "status": 1
        },
        "appinvite_service": {
          "status": 1,
          "other_platform_oauth_client": []
        },
        "ads_service": {
          "status": 2
        }
      }
    }
  ],
  "configuration_version": "1"
}